{"loss": [0.18584081530570984, 0.056771181523799896, 0.040513549000024796, 0.03141409158706665, 0.023865535855293274, 0.01995430886745453, 0.01577477529644966, 0.012307337485253811, 0.010978182777762413, 0.012867962010204792, 0.010334297083318233, 0.006841499358415604, 0.008039438165724277, 0.007926528342068195, 0.009250146336853504, 0.006576009560376406, 0.0052190120331943035, 0.00653795525431633, 0.004664933308959007, 0.0048321811482310295], "accuracy": [0.9432500004768372, 0.982866644859314, 0.9874333143234253, 0.9901166558265686, 0.9923999905586243, 0.9933500289916992, 0.9950666427612305, 0.9959333539009094, 0.9963833093643188, 0.9957000017166138, 0.9967666864395142, 0.9976500272750854, 0.9971500039100647, 0.9969000220298767, 0.9967166781425476, 0.9976999759674072, 0.9984166622161865, 0.9976000189781189, 0.9984999895095825, 0.9983999729156494], "val_loss": [0.07261954993009567, 0.06255612522363663, 0.055363159626722336, 0.05297249183058739, 0.04494229331612587, 0.06529875844717026, 0.0623883493244648, 0.0555124394595623, 0.06553078442811966, 0.05234174057841301, 0.08768785744905472, 0.0636831670999527, 0.057831402868032455, 0.050820790231227875, 0.07618968188762665, 0.05797053873538971, 0.053886592388153076, 0.05749201029539108, 0.0655243918299675, 0.07479051500558853], "val_accuracy": [0.9782000184059143, 0.980400025844574, 0.9821000099182129, 0.984000027179718, 0.9865000247955322, 0.9825999736785889, 0.9829999804496765, 0.9847000241279602, 0.9825999736785889, 0.9858999848365784, 0.9771000146865845, 0.9853000044822693, 0.98580002784729, 0.9882000088691711, 0.983299970626831, 0.9864000082015991, 0.9886999726295471, 0.9876000285148621, 0.9878000020980835, 0.983299970626831]}